{"cameraMode":{"drawMode":0,"name":"Shaded","section":"Shading Mode"},"sceneLighting":true,"audioPlay":false,"sceneViewState":{"m_AlwaysRefresh":false,"showFog":true,"showSkybox":true,"showFlares":true,"showImageEffects":true,"showParticleSystems":true,"showVisualEffectGraphs":true,"m_FxEnabled":true},"in2DMode":false,"pivot":{"x":0.5089387893676758,"y":-0.909735918045044,"z":0.10273370146751404},"rotation":{"x":-0.005440900102257729,"y":0.7174044847488403,"z":-0.005602175835520029,"w":-0.6966180801391602},"size":2.232853412628174,"orthographic":false}