{"cameraMode":{"drawMode":0,"name":"Shaded","section":"Shading Mode"},"sceneLighting":true,"audioPlay":false,"sceneViewState":{"m_AlwaysRefresh":false,"showFog":true,"showSkybox":true,"showFlares":true,"showImageEffects":true,"showParticleSystems":true,"showVisualEffectGraphs":true,"m_FxEnabled":true},"in2DMode":false,"pivot":{"x":132.4371337890625,"y":30.881614685058595,"z":-1.763310432434082},"rotation":{"x":0.032796405255794528,"y":-0.10922183096408844,"z":0.0036056307144463064,"w":0.993469774723053},"size":7.335861682891846,"orthographic":true}